{
    "1": 12133.380952380952,
    "2": 16996.555555555555,
    "3": 15986.545454545454,
    "4": 18077.53846153846,
    "5": 23084.85,
    "6": 22463.647058823528,
    "7": 30293.862068965518,
    "8": 28225.23076923077,
    "9": 25968.1,
    "10": 22436.0,
    "11": 16335.416666666666,
    "12": 13866.0,
    "13": 16316.823529411764,
    "14": 20268.714285714286,
    "15": 19508.3,
    "16": 19750.615384615383,
    "17": 19098.9375,
    "18": 21666.758620689656,
    "19": 29606.17142857143,
    "20": 26054.6,
    "21": 42244.71428571428,
    "22": 30638.666666666668,
    "23": 38498.25,
    "24": 44280.36363636364,
    "25": 38841.72222222222,
    "26": 39536.32258064516,
    "27": 30597.42105263158,
    "28": 26825.272727272728,
    "29": 20089.2,
    "30": 25689.7,
    "31": 24005.38888888889,
    "32": 24968.52,
    "33": 21352.57894736842,
    "34": 19899.0,
    "35": 20592.32,
    "36": 25398.428571428572,
    "37": 14562.636363636364,
    "38": 16193.875,
    "39": 17196.0,
    "40": 19322.75,
    "41": 22864.75,
    "42": 19570.0,
    "43": 20233.333333333332,
    "44": 18971.63157894737,
    "45": 16506.555555555555,
    "46": 13868.0,
    "47": 12330.5,
    "48": 18632.727272727272,
    "49": 17804.2,
    "50": 12304.9,
    "51": 13329.75,
    "52": 15163.1,
    "53": 11707.4,
    "54": 11125.0,
    "55": 10054.0,
    "56": 11620.0,
    "57": 11945.0,
    "58": 11486.0,
    "59": 15347.42857142857,
    "60": 21132.28205128205,
    "61": 19407.45,
    "62": 19522.777777777777,
    "63": 20144.30769230769,
    "64": 20768.36,
    "65": 20685.29411764706,
    "66": 22291.88888888889,
    "67": 32517.6,
    "68": 22685.75,
    "69": 25008.285714285714,
    "70": 13337.23076923077,
    "71": 19156.0,
    "72": 18040.666666666668,
    "73": 16520.095238095237
}